zone,zip_code,state,delegation,Cuentas,balance
Central de Abastos,01220,Ciudad de México,Álvaro Obregón,1,0.0
Central de Abastos,01230,Ciudad de México,Álvaro Obregón,2,0.0
Central de Abastos,01260,Ciudad de México,Álvaro Obregón,1,0.0
Central de Abastos,01530,Ciudad de México,Álvaro Obregón,1,0.0
Central de Abastos,01730,Ciudad de México,Álvaro Obregón,1,0.0
Central de Abastos,03020,Ciudad de México,Benito Juárez,1,0.0
Central de Abastos,03510,Ciudad de México,Benito Juárez,1,0.0
Central de Abastos,04300,Ciudad de México,Coyoacán,1,0.0
Central de Abastos,04369,Ciudad de México,Coyoacán,1,0.0
Central de Abastos,07350,Ciudad de México,Gustavo A. Madero,1,0.0
Central de Abastos,07969,Ciudad de México,Gustavo A. Madero,1,0.0
Central de Abastos,08100,Ciudad de México,Iztacalco,1,0.0
Central de Abastos,08500,Ciudad de México,Iztacalco,3,0.0
Central de Abastos,08600,Ciudad de México,Iztacalco,1,0.0
Central de Abastos,08730,Ciudad de México,Iztacalco,1,0.0
Central de Abastos,09000,Ciudad de México,Iztapalapa,5,0.0
Central de Abastos,09040,Ciudad de México,Iztapalapa,6,1837.53
Central de Abastos,09090,Ciudad de México,Iztapalapa,2,0.0
Central de Abastos,09180,Ciudad de México,Iztapalapa,1,0.0
Central de Abastos,09200,Ciudad de México,Iztapalapa,1,0.0
Central de Abastos,09240,Ciudad de México,Iztapalapa,1,0.0
Central de Abastos,09280,Ciudad de México,Iztapalapa,1,0.0
Central de Abastos,09290,Ciudad de México,Iztapalapa,1,0.0
Central de Abastos,09310,Ciudad de México,Iztapalapa,2,0.0
Central de Abastos,09400,Ciudad de México,Iztapalapa,1,0.0
Central de Abastos,09410,Ciudad de México,Iztapalapa,1,0.0
Central de Abastos,09609,Ciudad de México,Iztapalapa,2,0.0
Central de Abastos,09630,Ciudad de México,Iztapalapa,2,0.0
Central de Abastos,09700,Ciudad de México,Iztapalapa,4,0.0
Central de Abastos,09780,Ciudad de México,Iztapalapa,1,0.0
Central de Abastos,09829,Ciudad de México,Iztapalapa,1,0.0
Central de Abastos,09830,Ciudad de México,Iztapalapa,1,0.0
Central de Abastos,09880,Ciudad de México,Iztapalapa,1,0.0
Central de Abastos,09900,Ciudad de México,Iztapalapa,1,0.0
Central de Abastos,09920,Ciudad de México,Iztapalapa,1,0.0
Central de Abastos,13270,Ciudad de México,Tláhuac,1,0.0
Central de Abastos,14040,Ciudad de México,Tlalpan,1,221.53
Central de Abastos,14100,Ciudad de México,Tlalpan,2,0.0
Central de Abastos,14400,Ciudad de México,Tlalpan,1,0.0
Central de Abastos,14440,Ciudad de México,Tlalpan,1,0.0
Central de Abastos,15820,Ciudad de México,Venustiano Carranza,1,0.0
Central de Abastos,16035,Ciudad de México,Xochimilco,1,0.0
Central de Abastos,52778,México,Huixquilucan,1,0.0
Central de Abastos,55100,México,Ecatepec de Morelos,1,0.0
Central de Abastos,55297,México,Ecatepec de Morelos,1,0.0
Central de Abastos,56225,México,Texcoco,1,0.0
Central de Abastos,56340,México,Chimalhuacán,1,0.0
Central de Abastos,56510,México,La Paz,1,0.0
Central de Abastos,56516,México,La Paz,1,0.0
Central de Abastos,56618,México,Valle de Chalco Solidaridad,1,0.0
Central de Abastos,57000,México,Nezahualcóyotl,2,0.0
Central de Abastos,57130,México,Nezahualcóyotl,1,0.0
Central de Abastos,57410,México,Nezahualcóyotl,1,0.0
Central de Abastos,57620,México,Nezahualcóyotl,2,0.0
Cuautitlan,06800,Ciudad de México,Cuauhtémoc,1,0.0
Cuautitlan,42995,Hidalgo,Atotonilco de Tula,3,22573.629999999997
Cuautitlan,52919,México,Atizapán de Zaragoza,1,0.0
Cuautitlan,52920,México,Atizapán de Zaragoza,1,31746.52
Cuautitlan,52947,México,Atizapán de Zaragoza,1,0.0
Cuautitlan,52977,México,Atizapán de Zaragoza,1,0.0
Cuautitlan,52985,México,Atizapán de Zaragoza,1,0.0
Cuautitlan,54020,México,Tlalnepantla de Baz,1,503.0
Cuautitlan,54080,México,Tlalnepantla de Baz,2,0.0
Cuautitlan,54100,México,Tlalnepantla de Baz,1,0.0
Cuautitlan,54134,México,Tlalnepantla de Baz,1,0.0
Cuautitlan,54140,México,Tlalnepantla de Baz,1,0.0
Cuautitlan,54150,México,Tlalnepantla de Baz,1,0.0
Cuautitlan,54158,México,Tlalnepantla de Baz,1,0.0
Cuautitlan,54440,México,Nicolás Romero,1,23429.11
Cuautitlan,54474,México,Nicolás Romero,1,0.0
Cuautitlan,54600,México,Tepotzotlán,3,9018.69
Cuautitlan,54605,México,Tepotzotlán,2,1536.61
Cuautitlan,54607,México,Tepotzotlán,2,0.0
Cuautitlan,54614,México,Tepotzotlán,4,0.0
Cuautitlan,54658,México,Tultitlán,1,43937.77
Cuautitlan,54660,México,Coyotepec,6,0.0
Cuautitlan,54665,México,Coyotepec,1,0.0
Cuautitlan,54667,México,Coyotepec,2,0.0
Cuautitlan,54668,México,Coyotepec,1,0.0
Cuautitlan,54680,México,Huehuetoca,16,35649.93
Cuautitlan,54683,México,Huehuetoca,1,25389.7
Cuautitlan,54685,México,Huehuetoca,3,30408.4
Cuautitlan,54694,México,Huehuetoca,2,0.0
Cuautitlan,54696,México,Huehuetoca,5,2619.11
Cuautitlan,54710,México,Cuautitlán Izcalli,7,6609.28
Cuautitlan,54712,México,Cuautitlán Izcalli,1,0.0
Cuautitlan,54713,México,Cuautitlán Izcalli,2,26778.85
Cuautitlan,54714,México,Cuautitlán Izcalli,6,12040.029999999999
Cuautitlan,54715,México,Cuautitlán Izcalli,5,0.0
Cuautitlan,54720,México,Cuautitlán Izcalli,8,9887.79
Cuautitlan,54725,México,Cuautitlán Izcalli,1,0.0
Cuautitlan,54729,México,Cuautitlán Izcalli,2,5073.25
Cuautitlan,54730,México,Cuautitlán Izcalli,1,0.0
Cuautitlan,54740,México,Cuautitlán Izcalli,6,31587.87
Cuautitlan,54743,México,Cuautitlán Izcalli,6,2751.26
Cuautitlan,54745,México,Cuautitlán Izcalli,5,0.0
Cuautitlan,54753,México,Cuautitlán Izcalli,2,0.0
Cuautitlan,54760,México,Cuautitlán Izcalli,3,20351.739999999998
Cuautitlan,54763,México,Cuautitlán Izcalli,1,0.0
Cuautitlan,54769,México,Cuautitlán Izcalli,2,0.0
Cuautitlan,54770,México,Teoloyucan,7,5237.27
Cuautitlan,54783,México,Teoloyucan,4,110706.20000000001
Cuautitlan,54784,México,Teoloyucan,1,0.0
Cuautitlan,54786,México,Teoloyucan,6,0.0
Cuautitlan,54800,México,Cuautitlán,3,9742.76
Cuautitlan,54803,México,Cuautitlán,4,9641.02
Cuautitlan,54807,México,Cuautitlán,1,71382.97
Cuautitlan,54830,México,Cuautitlán,2,4537.5
Cuautitlan,54840,México,Cuautitlán,13,122715.67
Cuautitlan,54850,México,Cuautitlán,11,142024.98
Cuautitlan,54857,México,Cuautitlán,1,19673.41
Cuautitlan,54858,México,Cuautitlán,2,0.0
Cuautitlan,54870,México,Cuautitlán,13,22145.559999999998
Cuautitlan,54879,México,Cuautitlán,1,0.0
Cuautitlan,54880,México,Cuautitlán,1,51106.49
Cuautitlan,54880,México,Melchor Ocampo,5,20000.0
Cuautitlan,54882,México,Melchor Ocampo,1,40147.19
Cuautitlan,54890,México,Melchor Ocampo,7,36148.009999999995
Cuautitlan,54894,México,Melchor Ocampo,1,2310.72
Cuautitlan,54900,México,Tultitlán,10,73757.37
Cuautitlan,54910,México,Cuautitlán Izcalli,1,0.0
Cuautitlan,54910,México,Tultitlán,5,13386.49
Cuautitlan,54915,México,Tultitlán,3,2496.7
Cuautitlan,54924,México,Tultitlán,1,0.0
Cuautitlan,54927,México,Tultitlán,1,6464.04
Cuautitlan,54929,México,Tultitlán,1,0.0
Cuautitlan,54930,México,Tultitlán,12,85656.41
Cuautitlan,54932,México,Tultitlán,2,59131.89
Cuautitlan,54933,México,Tultitlán,2,77955.88
Cuautitlan,54934,México,Tultitlán,2,23000.0
Cuautitlan,54935,México,Cuautitlán Izcalli,1,0.0
Cuautitlan,54935,México,Tultitlán,7,67789.72
Cuautitlan,54938,México,Tultitlán,4,11559.93
Cuautitlan,54943,México,Tultitlán,3,0.0
Cuautitlan,54944,México,Cuautitlán Izcalli,2,0.0
Cuautitlan,54944,México,Tultitlán,8,87084.32
Cuautitlan,54945,México,Cuautitlán Izcalli,1,0.0
Cuautitlan,54945,México,Tultitlán,2,0.0
Cuautitlan,54946,México,Tultitlán,3,13765.0
Cuautitlan,54948,México,Tultitlán,7,1926.78
Cuautitlan,54949,México,Tultitlán,1,19794.41
Cuautitlan,54950,México,Tultitlán,1,0.0
Cuautitlan,54957,México,Tultitlán,4,2345.87
Cuautitlan,54958,México,Tultitlán,8,134631.22
Cuautitlan,54959,México,Tultitlán,1,1931.98
Cuautitlan,54960,México,Cuautitlán,1,23852.5
Cuautitlan,54960,México,Tultepec,15,51699.48
Cuautitlan,54962,México,Tultepec,1,0.0
Cuautitlan,54963,México,Tultepec,2,0.0
Cuautitlan,54964,México,Tultepec,4,51360.31
Cuautitlan,54965,México,Tultepec,4,5265.17
Cuautitlan,54970,México,Tultepec,2,35581.880000000005
Cuautitlan,54975,México,Tultepec,1,0.0
Cuautitlan,54976,México,Tultepec,1,0.0
Cuautitlan,54980,México,Tultepec,2,0.0
Cuautitlan,54984,México,Tultepec,3,12554.78
Cuautitlan,54985,México,Tultepec,3,20168.559999999998
Cuautitlan,54987,México,Tultepec,1,0.0
Cuautitlan,55000,México,Ecatepec de Morelos,4,27692.010000000002
Cuautitlan,55010,México,Ecatepec de Morelos,3,29316.85
Cuautitlan,55016,México,Ecatepec de Morelos,1,0.0
Cuautitlan,55018,México,Ecatepec de Morelos,1,13498.66
Cuautitlan,55020,México,Ecatepec de Morelos,1,0.0
Cuautitlan,55024,México,Ecatepec de Morelos,1,0.0
Cuautitlan,55028,México,Ecatepec de Morelos,1,0.0
Cuautitlan,55029,México,Ecatepec de Morelos,8,219503.88
Cuautitlan,55040,México,Ecatepec de Morelos,1,0.0
Cuautitlan,55066,México,Ecatepec de Morelos,1,0.0
Cuautitlan,55070,México,Ecatepec de Morelos,2,23236.45
Cuautitlan,55120,México,Ecatepec de Morelos,1,15259.12
Cuautitlan,55280,México,Ecatepec de Morelos,1,0.0
Cuautitlan,55450,México,Ecatepec de Morelos,1,0.0
Cuautitlan,55515,México,Ecatepec de Morelos,1,0.0
Cuautitlan,55600,México,Zumpango,7,36237.28
Cuautitlan,55604,México,Zumpango,7,0.0
Cuautitlan,55605,México,Zumpango,2,0.0
Cuautitlan,55606,México,Zumpango,1,0.0
Cuautitlan,55607,México,Zumpango,3,11544.62
Cuautitlan,55609,México,Zumpango,1,0.0
Cuautitlan,55614,México,Zumpango,6,33384.64
Cuautitlan,55628,México,Zumpango,2,0.0
Cuautitlan,55630,México,Zumpango,3,24410.0
Cuautitlan,55634,México,Zumpango,2,9769.0
Cuautitlan,55635,México,Zumpango,9,13602.740000000002
Cuautitlan,55700,México,Coacalco de Berriozábal,6,34023.229999999996
Cuautitlan,55705,México,Coacalco de Berriozábal,1,0.0
Cuautitlan,55707,México,Coacalco de Berriozábal,2,8457.68
Cuautitlan,55710,México,Coacalco de Berriozábal,6,11439.6
Cuautitlan,55712,México,Coacalco de Berriozábal,3,20000.0
Cuautitlan,55714,México,Coacalco de Berriozábal,2,43215.61
Cuautitlan,55715,México,Coacalco de Berriozábal,1,0.0
Cuautitlan,55717,México,Coacalco de Berriozábal,4,5826.07
Cuautitlan,55718,México,Coacalco de Berriozábal,2,5358.32
Cuautitlan,55719,México,Coacalco de Berriozábal,2,0.0
Cuautitlan,55720,México,Coacalco de Berriozábal,1,0.0
Cuautitlan,55726,México,Coacalco de Berriozábal,1,0.0
Cuautitlan,55730,México,Coacalco de Berriozábal,1,0.0
Cuautitlan,55738,México,Coacalco de Berriozábal,1,0.0
Cuautitlan,55748,México,Tecámac,1,64359.42
Cuautitlan,55763,México,Tecámac,1,15809.76
Cuautitlan,55764,México,Tecámac,4,21368.300000000003
Cuautitlan,55765,México,Tecámac,1,0.0
Cuautitlan,55767,México,Tecámac,1,0.0
Cuautitlan,55780,México,Jaltenco,5,26474.48
Cuautitlan,55785,México,Tonanitla,6,0.0
Cuautitlan,55796,México,Nextlalpan,14,34686.14
Cuautitlan,56253,México,Texcoco,1,0.0
Empleados,08030,Ciudad de México,Iztacalco,1,0.0
Empleados,08500,Ciudad de México,Iztacalco,1,76971.98
Empleados,09140,Ciudad de México,Iztapalapa,1,0.0
Empleados,09310,Ciudad de México,Iztapalapa,1,0.0
Empleados,09429,Ciudad de México,Iztapalapa,1,0.0
Empleados,13080,Ciudad de México,Tláhuac,1,0.0
Empleados,13400,Ciudad de México,Tláhuac,1,0.0
Empleados,15820,Ciudad de México,Venustiano Carranza,1,0.0
Empleados,53427,México,Naucalpan de Juárez,1,0.0
Empleados,54769,México,Cuautitlán Izcalli,2,175.99
Empleados,54870,México,Cuautitlán,1,0.0
Empleados,55076,México,Ecatepec de Morelos,1,10484.6
Empleados,55290,México,Ecatepec de Morelos,1,0.0
Empleados,56264,México,Texcoco,1,4480.17
Empleados,56490,México,La Paz,1,0.0
Empleados,56509,México,La Paz,1,0.0
Empleados,56585,México,Ixtapaluca,1,19999.26
Empleados,57310,México,Nezahualcóyotl,1,1064.28
Evaluacion Virtual,01170,Ciudad de México,Álvaro Obregón,2,0.0
Evaluacion Virtual,01260,Ciudad de México,Álvaro Obregón,1,6713.21
Evaluacion Virtual,01289,Ciudad de México,Álvaro Obregón,1,0.0
Evaluacion Virtual,01290,Ciudad de México,Álvaro Obregón,1,0.0
Evaluacion Virtual,01400,Ciudad de México,Álvaro Obregón,1,0.0
Evaluacion Virtual,01470,Ciudad de México,Álvaro Obregón,1,18379.91
Evaluacion Virtual,01520,Ciudad de México,Álvaro Obregón,1,0.0
Evaluacion Virtual,01530,Ciudad de México,Álvaro Obregón,2,19787.81
Evaluacion Virtual,01538,Ciudad de México,Álvaro Obregón,1,9900.85
Evaluacion Virtual,01550,Ciudad de México,Álvaro Obregón,1,24819.41
Evaluacion Virtual,01800,Ciudad de México,Álvaro Obregón,1,6377.32
Evaluacion Virtual,01810,Ciudad de México,Álvaro Obregón,1,0.0
Evaluacion Virtual,01830,Ciudad de México,Álvaro Obregón,1,6689.87
Evaluacion Virtual,01857,Ciudad de México,Álvaro Obregón,1,1822.83
Evaluacion Virtual,01860,Ciudad de México,Álvaro Obregón,1,0.0
Evaluacion Virtual,01870,Ciudad de México,Álvaro Obregón,1,5701.95
Evaluacion Virtual,02050,Ciudad de México,Azcapotzalco,1,4900.0
Evaluacion Virtual,02300,Ciudad de México,Azcapotzalco,1,7434.52
Evaluacion Virtual,02650,Ciudad de México,Azcapotzalco,1,5443.85
Evaluacion Virtual,02980,Ciudad de México,Azcapotzalco,1,0.0
Evaluacion Virtual,03020,Ciudad de México,Benito Juárez,1,1500.0
Evaluacion Virtual,03100,Ciudad de México,Benito Juárez,1,1598.35
Evaluacion Virtual,03300,Ciudad de México,Benito Juárez,1,0.0
Evaluacion Virtual,03500,Ciudad de México,Benito Juárez,1,0.0
Evaluacion Virtual,03580,Ciudad de México,Benito Juárez,1,1737.85
Evaluacion Virtual,03650,Ciudad de México,Benito Juárez,1,0.0
Evaluacion Virtual,03800,Ciudad de México,Benito Juárez,1,0.0
Evaluacion Virtual,04100,Ciudad de México,Coyoacán,1,0.0
Evaluacion Virtual,04260,Ciudad de México,Coyoacán,1,0.0
Evaluacion Virtual,04300,Ciudad de México,Coyoacán,1,9240.15
Evaluacion Virtual,04369,Ciudad de México,Coyoacán,3,10680.02
Evaluacion Virtual,04600,Ciudad de México,Coyoacán,2,11657.4
Evaluacion Virtual,04910,Ciudad de México,Coyoacán,1,8016.0
Evaluacion Virtual,04919,Ciudad de México,Coyoacán,1,19580.94
Evaluacion Virtual,05110,Ciudad de México,Cuajimalpa de Morelos,1,0.0
Evaluacion Virtual,05219,Ciudad de México,Cuajimalpa de Morelos,1,26773.58
Evaluacion Virtual,05260,Ciudad de México,Cuajimalpa de Morelos,1,0.0
Evaluacion Virtual,05600,Ciudad de México,Cuajimalpa de Morelos,2,27103.95
Evaluacion Virtual,06020,Ciudad de México,Cuauhtémoc,2,12340.65
Evaluacion Virtual,06400,Ciudad de México,Cuauhtémoc,2,3046.62
Evaluacion Virtual,06600,Ciudad de México,Cuauhtémoc,1,12896.35
Evaluacion Virtual,06720,Ciudad de México,Cuauhtémoc,1,0.0
Evaluacion Virtual,06760,Ciudad de México,Cuauhtémoc,1,7953.78
Evaluacion Virtual,06800,Ciudad de México,Cuauhtémoc,2,0.0
Evaluacion Virtual,06850,Ciudad de México,Cuauhtémoc,1,0.0
Evaluacion Virtual,06890,Ciudad de México,Cuauhtémoc,1,0.0
Evaluacion Virtual,07020,Ciudad de México,Gustavo A. Madero,1,11875.92
Evaluacion Virtual,07070,Ciudad de México,Gustavo A. Madero,1,0.0
Evaluacion Virtual,07140,Ciudad de México,Gustavo A. Madero,1,0.0
Evaluacion Virtual,07410,Ciudad de México,Gustavo A. Madero,1,0.0
Evaluacion Virtual,07500,Ciudad de México,Gustavo A. Madero,1,11983.31
Evaluacion Virtual,07510,Ciudad de México,Gustavo A. Madero,3,3827.79
Evaluacion Virtual,07530,Ciudad de México,Gustavo A. Madero,1,7619.73
Evaluacion Virtual,07780,Ciudad de México,Gustavo A. Madero,1,0.0
Evaluacion Virtual,07860,Ciudad de México,Gustavo A. Madero,1,5507.82
Evaluacion Virtual,07880,Ciudad de México,Gustavo A. Madero,1,0.0
Evaluacion Virtual,07920,Ciudad de México,Gustavo A. Madero,1,0.0
Evaluacion Virtual,07960,Ciudad de México,Gustavo A. Madero,2,18835.940000000002
Evaluacion Virtual,07969,Ciudad de México,Gustavo A. Madero,4,16763.88
Evaluacion Virtual,07979,Ciudad de México,Gustavo A. Madero,1,0.0
Evaluacion Virtual,08000,Ciudad de México,Iztacalco,3,1551.8
Evaluacion Virtual,08100,Ciudad de México,Iztacalco,4,0.0
Evaluacion Virtual,08300,Ciudad de México,Iztacalco,2,1334.12
Evaluacion Virtual,08400,Ciudad de México,Iztacalco,1,0.0
Evaluacion Virtual,08500,Ciudad de México,Iztacalco,5,14139.619999999999
Evaluacion Virtual,08510,Ciudad de México,Iztacalco,1,0.0
Evaluacion Virtual,08650,Ciudad de México,Iztacalco,1,8915.41
Evaluacion Virtual,08700,Ciudad de México,Iztacalco,1,0.0
Evaluacion Virtual,08730,Ciudad de México,Iztacalco,1,0.0
Evaluacion Virtual,08760,Ciudad de México,Iztacalco,1,4255.49
Evaluacion Virtual,08840,Ciudad de México,Iztacalco,1,7351.8
Evaluacion Virtual,08900,Ciudad de México,Iztacalco,2,4461.04
Evaluacion Virtual,09000,Ciudad de México,Iztapalapa,3,0.0
Evaluacion Virtual,09040,Ciudad de México,Iztapalapa,3,1474.59
Evaluacion Virtual,09060,Ciudad de México,Iztapalapa,3,0.0
Evaluacion Virtual,09180,Ciudad de México,Iztapalapa,2,0.0
Evaluacion Virtual,09208,Ciudad de México,Iztapalapa,3,4137.98
Evaluacion Virtual,09209,Ciudad de México,Iztapalapa,3,6834.85
Evaluacion Virtual,09220,Ciudad de México,Iztapalapa,1,0.0
Evaluacion Virtual,09230,Ciudad de México,Iztapalapa,2,0.0
Evaluacion Virtual,09239,Ciudad de México,Iztapalapa,1,0.0
Evaluacion Virtual,09260,Ciudad de México,Iztapalapa,3,0.0
Evaluacion Virtual,09290,Ciudad de México,Iztapalapa,1,5587.09
Evaluacion Virtual,09300,Ciudad de México,Iztapalapa,1,0.0
Evaluacion Virtual,09310,Ciudad de México,Iztapalapa,2,0.0
Evaluacion Virtual,09400,Ciudad de México,Iztapalapa,1,2500.0
Evaluacion Virtual,09410,Ciudad de México,Iztapalapa,1,0.0
Evaluacion Virtual,09420,Ciudad de México,Iztapalapa,2,3521.14
Evaluacion Virtual,09438,Ciudad de México,Iztapalapa,1,0.0
Evaluacion Virtual,09500,Ciudad de México,Iztapalapa,1,0.0
Evaluacion Virtual,09570,Ciudad de México,Iztapalapa,3,0.0
Evaluacion Virtual,09609,Ciudad de México,Iztapalapa,1,1207.59
Evaluacion Virtual,09630,Ciudad de México,Iztapalapa,1,0.0
Evaluacion Virtual,09640,Ciudad de México,Iztapalapa,1,0.0
Evaluacion Virtual,09670,Ciudad de México,Iztapalapa,1,0.0
Evaluacion Virtual,09698,Ciudad de México,Iztapalapa,1,0.0
Evaluacion Virtual,09700,Ciudad de México,Iztapalapa,3,5359.67
Evaluacion Virtual,09720,Ciudad de México,Iztapalapa,1,0.0
Evaluacion Virtual,09740,Ciudad de México,Iztapalapa,1,0.0
Evaluacion Virtual,09750,Ciudad de México,Iztapalapa,3,8538.73
Evaluacion Virtual,09780,Ciudad de México,Iztapalapa,2,2435.38
Evaluacion Virtual,09800,Ciudad de México,Iztapalapa,1,0.0
Evaluacion Virtual,09830,Ciudad de México,Iztapalapa,1,7372.43
Evaluacion Virtual,09850,Ciudad de México,Iztapalapa,2,0.0
Evaluacion Virtual,09860,Ciudad de México,Iztapalapa,2,0.0
Evaluacion Virtual,09870,Ciudad de México,Iztapalapa,1,0.0
Evaluacion Virtual,09970,Ciudad de México,Iztapalapa,1,4224.9
Evaluacion Virtual,10380,Ciudad de México,La Magdalena Contreras,1,3003.33
Evaluacion Virtual,10600,Ciudad de México,La Magdalena Contreras,1,9771.45
Evaluacion Virtual,10630,Ciudad de México,La Magdalena Contreras,1,8516.97
Evaluacion Virtual,10640,Ciudad de México,La Magdalena Contreras,1,0.0
Evaluacion Virtual,12100,Ciudad de México,Milpa Alta,1,8839.93
Evaluacion Virtual,12700,Ciudad de México,Milpa Alta,1,0.0
Evaluacion Virtual,13010,Ciudad de México,Tláhuac,1,0.0
Evaluacion Virtual,13040,Ciudad de México,Tláhuac,1,0.0
Evaluacion Virtual,13070,Ciudad de México,Tláhuac,1,0.0
Evaluacion Virtual,13099,Ciudad de México,Tláhuac,1,0.0
Evaluacion Virtual,13200,Ciudad de México,Tláhuac,1,1647.49
Evaluacion Virtual,13210,Ciudad de México,Tláhuac,1,8512.24
Evaluacion Virtual,13219,Ciudad de México,Tláhuac,1,0.0
Evaluacion Virtual,13220,Ciudad de México,Tláhuac,1,0.0
Evaluacion Virtual,13278,Ciudad de México,Tláhuac,1,0.0
Evaluacion Virtual,13280,Ciudad de México,Tláhuac,1,4000.0
Evaluacion Virtual,13310,Ciudad de México,Tláhuac,1,0.0
Evaluacion Virtual,13400,Ciudad de México,Tláhuac,1,1901.59
Evaluacion Virtual,13420,Ciudad de México,Tláhuac,2,0.0
Evaluacion Virtual,13450,Ciudad de México,Tláhuac,3,2109.38
Evaluacion Virtual,13600,Ciudad de México,Tláhuac,1,3906.78
Evaluacion Virtual,13610,Ciudad de México,Tláhuac,1,0.0
Evaluacion Virtual,14030,Ciudad de México,Tlalpan,2,2736.0
Evaluacion Virtual,14100,Ciudad de México,Tlalpan,2,0.0
Evaluacion Virtual,14220,Ciudad de México,Tlalpan,1,2470.28
Evaluacion Virtual,14420,Ciudad de México,Tlalpan,2,12922.029999999999
Evaluacion Virtual,14429,Ciudad de México,Tlalpan,1,0.0
Evaluacion Virtual,14440,Ciudad de México,Tlalpan,1,0.0
Evaluacion Virtual,14500,Ciudad de México,Tlalpan,2,1643.26
Evaluacion Virtual,14700,Ciudad de México,Tlalpan,1,0.0
Evaluacion Virtual,14710,Ciudad de México,Tlalpan,2,2191.42
Evaluacion Virtual,14739,Ciudad de México,Tlalpan,1,0.0
Evaluacion Virtual,15000,Ciudad de México,Venustiano Carranza,1,2891.74
Evaluacion Virtual,15100,Ciudad de México,Venustiano Carranza,1,0.0
Evaluacion Virtual,15210,Ciudad de México,Venustiano Carranza,1,0.0
Evaluacion Virtual,15220,Ciudad de México,Venustiano Carranza,1,0.0
Evaluacion Virtual,15270,Ciudad de México,Venustiano Carranza,1,2192.26
Evaluacion Virtual,15300,Ciudad de México,Venustiano Carranza,1,532.09
Evaluacion Virtual,15500,Ciudad de México,Venustiano Carranza,1,0.0
Evaluacion Virtual,15510,Ciudad de México,Venustiano Carranza,1,0.0
Evaluacion Virtual,15630,Ciudad de México,Venustiano Carranza,1,2070.65
Evaluacion Virtual,15640,Ciudad de México,Venustiano Carranza,1,1168.55
Evaluacion Virtual,15660,Ciudad de México,Venustiano Carranza,1,3458.26
Evaluacion Virtual,15700,Ciudad de México,Venustiano Carranza,1,8107.98
Evaluacion Virtual,15810,Ciudad de México,Venustiano Carranza,1,0.0
Evaluacion Virtual,15820,Ciudad de México,Venustiano Carranza,2,5610.6
Evaluacion Virtual,15870,Ciudad de México,Venustiano Carranza,1,7329.2
Evaluacion Virtual,15960,Ciudad de México,Venustiano Carranza,1,0.0
Evaluacion Virtual,16010,Ciudad de México,Xochimilco,1,0.0
Evaluacion Virtual,16034,Ciudad de México,Xochimilco,1,1217.71
Evaluacion Virtual,16300,Ciudad de México,Xochimilco,2,5571.26
Evaluacion Virtual,16600,Ciudad de México,Xochimilco,1,0.0
Evaluacion Virtual,16610,Ciudad de México,Xochimilco,1,0.0
Evaluacion Virtual,16749,Ciudad de México,Xochimilco,1,6137.11
Evaluacion Virtual,16797,Ciudad de México,Xochimilco,1,0.0
Evaluacion Virtual,16810,Ciudad de México,Xochimilco,1,0.0
Evaluacion Virtual,16880,Ciudad de México,Xochimilco,1,887.77
Evaluacion Virtual,44259,Jalisco,Guadalajara,1,0.0
Evaluacion Virtual,44260,Jalisco,Guadalajara,1,0.0
Evaluacion Virtual,44320,Jalisco,Guadalajara,1,6466.86
Evaluacion Virtual,44360,Jalisco,Guadalajara,1,0.0
Evaluacion Virtual,44370,Jalisco,Guadalajara,2,7910.2
Evaluacion Virtual,44430,Jalisco,Guadalajara,1,1769.27
Evaluacion Virtual,44700,Jalisco,Guadalajara,2,1741.43
Evaluacion Virtual,44720,Jalisco,Guadalajara,1,0.0
Evaluacion Virtual,44810,Jalisco,Guadalajara,1,0.0
Evaluacion Virtual,44890,Jalisco,Guadalajara,1,0.0
Evaluacion Virtual,44910,Jalisco,Guadalajara,1,2872.44
Evaluacion Virtual,44980,Jalisco,Guadalajara,1,0.0
Evaluacion Virtual,44986,Jalisco,Guadalajara,1,0.0
Evaluacion Virtual,44990,Jalisco,Guadalajara,1,8845.4
Evaluacion Virtual,45199,Jalisco,Zapopan,1,0.0
Evaluacion Virtual,45236,Jalisco,Zapopan,1,7006.34
Evaluacion Virtual,45417,Jalisco,Tonalá,1,0.0
Evaluacion Virtual,45500,Jalisco,San Pedro Tlaquepaque,1,0.0
Evaluacion Virtual,45520,Jalisco,San Pedro Tlaquepaque,1,9157.11
Evaluacion Virtual,45588,Jalisco,San Pedro Tlaquepaque,1,0.0
Evaluacion Virtual,45590,Jalisco,San Pedro Tlaquepaque,1,1724.21
Evaluacion Virtual,45599,Jalisco,San Pedro Tlaquepaque,1,10212.24
Evaluacion Virtual,45628,Jalisco,San Pedro Tlaquepaque,1,0.0
Evaluacion Virtual,45653,Jalisco,Tlajomulco de Zúñiga,1,0.0
Evaluacion Virtual,45685,Jalisco,El Salto,1,1459.02
Evaluacion Virtual,50700,México,Jocotitlán,1,2553.91
Evaluacion Virtual,52766,México,Huixquilucan,1,0.0
Evaluacion Virtual,52774,México,Huixquilucan,1,0.0
Evaluacion Virtual,52777,México,Huixquilucan,1,14055.78
Evaluacion Virtual,52778,México,Huixquilucan,1,0.0
Evaluacion Virtual,52779,México,Huixquilucan,1,0.0
Evaluacion Virtual,52789,México,Huixquilucan,1,0.0
Evaluacion Virtual,52790,México,Huixquilucan,1,0.0
Evaluacion Virtual,52910,México,Atizapán de Zaragoza,1,0.0
Evaluacion Virtual,53570,México,Naucalpan de Juárez,1,14242.0
Evaluacion Virtual,53650,México,Naucalpan de Juárez,1,0.0
Evaluacion Virtual,53660,México,Naucalpan de Juárez,1,0.0
Evaluacion Virtual,53710,México,Naucalpan de Juárez,1,0.0
Evaluacion Virtual,53760,México,Naucalpan de Juárez,1,0.0
Evaluacion Virtual,54180,México,Tlalnepantla de Baz,1,0.0
Evaluacion Virtual,54416,México,Nicolás Romero,1,2520.13
Evaluacion Virtual,54831,México,Cuautitlán,1,0.0
Evaluacion Virtual,54840,México,Cuautitlán,1,0.0
Evaluacion Virtual,54870,México,Cuautitlán,1,0.0
Evaluacion Virtual,54890,México,Melchor Ocampo,1,9386.29
Evaluacion Virtual,54930,México,Tultitlán,1,1782.56
Evaluacion Virtual,54938,México,Tultitlán,1,0.0
Evaluacion Virtual,54948,México,Tultitlán,1,0.0
Evaluacion Virtual,55010,México,Ecatepec de Morelos,1,0.0
Evaluacion Virtual,55020,México,Ecatepec de Morelos,1,0.0
Evaluacion Virtual,55060,México,Ecatepec de Morelos,1,3461.61
Evaluacion Virtual,55070,México,Ecatepec de Morelos,1,2441.24
Evaluacion Virtual,55076,México,Ecatepec de Morelos,1,0.0
Evaluacion Virtual,55120,México,Ecatepec de Morelos,1,0.0
Evaluacion Virtual,55130,México,Ecatepec de Morelos,1,0.0
Evaluacion Virtual,55146,México,Ecatepec de Morelos,1,10895.52
Evaluacion Virtual,55230,México,Ecatepec de Morelos,1,1555.89
Evaluacion Virtual,55270,México,Ecatepec de Morelos,2,0.0
Evaluacion Virtual,55280,México,Ecatepec de Morelos,1,11535.42
Evaluacion Virtual,55320,México,Ecatepec de Morelos,1,3225.95
Evaluacion Virtual,55530,México,Ecatepec de Morelos,1,0.0
Evaluacion Virtual,55600,México,Zumpango,2,12985.919999999998
Evaluacion Virtual,55614,México,Zumpango,1,0.0
Evaluacion Virtual,55635,México,Zumpango,2,9532.27
Evaluacion Virtual,55700,México,Coacalco de Berriozábal,1,0.0
Evaluacion Virtual,55763,México,Tecámac,2,1331.5
Evaluacion Virtual,55764,México,Tecámac,1,5936.56
Evaluacion Virtual,55770,México,Tecámac,1,0.0
Evaluacion Virtual,55859,México,San Martín de las Pirámides,1,1512.27
Evaluacion Virtual,55894,México,Acolman,1,1940.52
Evaluacion Virtual,55980,México,Temascalapa,1,2487.57
Evaluacion Virtual,56070,México,Tepetlaoxtoc,1,6052.53
Evaluacion Virtual,56120,México,Texcoco,1,5114.27
Evaluacion Virtual,56230,México,Texcoco,1,0.0
Evaluacion Virtual,56300,México,Atenco,1,12572.24
Evaluacion Virtual,56304,México,Atenco,1,3006.97
Evaluacion Virtual,56334,México,Chimalhuacán,3,12000.0
Evaluacion Virtual,56335,México,Chimalhuacán,1,9071.51
Evaluacion Virtual,56340,México,Chimalhuacán,3,12041.210000000001
Evaluacion Virtual,56343,México,Chimalhuacán,1,9251.35
Evaluacion Virtual,56350,México,Chimalhuacán,1,0.0
Evaluacion Virtual,56353,México,Chimalhuacán,1,0.0
Evaluacion Virtual,56363,México,Chimalhuacán,1,0.0
Evaluacion Virtual,56366,México,Chimalhuacán,1,3284.48
Evaluacion Virtual,56370,México,Chicoloapan,1,3082.28
Evaluacion Virtual,56376,México,Chicoloapan,1,3972.4
Evaluacion Virtual,56386,México,Chicoloapan,1,4000.0
Evaluacion Virtual,56430,México,La Paz,1,4100.0
Evaluacion Virtual,56440,México,La Paz,1,4840.0
Evaluacion Virtual,56524,México,La Paz,1,0.0
Evaluacion Virtual,56536,México,Ixtapaluca,1,0.0
Evaluacion Virtual,56538,México,Ixtapaluca,2,6863.7
Evaluacion Virtual,56553,México,Ixtapaluca,1,1120.72
Evaluacion Virtual,56560,México,Ixtapaluca,1,0.0
Evaluacion Virtual,56567,México,Ixtapaluca,2,5061.35
Evaluacion Virtual,56585,México,Ixtapaluca,1,0.0
Evaluacion Virtual,56589,México,Ixtapaluca,1,0.0
Evaluacion Virtual,56600,México,Chalco,1,7000.0
Evaluacion Virtual,56604,México,Chalco,1,0.0
Evaluacion Virtual,56605,México,Chalco,1,4641.52
Evaluacion Virtual,56606,México,Chalco,1,6051.0
Evaluacion Virtual,56608,México,Chalco,1,0.0
Evaluacion Virtual,56613,México,Valle de Chalco Solidaridad,1,4114.58
Evaluacion Virtual,56614,México,Valle de Chalco Solidaridad,1,7505.57
Evaluacion Virtual,56617,México,Valle de Chalco Solidaridad,1,10648.44
Evaluacion Virtual,56618,México,Valle de Chalco Solidaridad,2,6161.53
Evaluacion Virtual,56619,México,Valle de Chalco Solidaridad,1,0.0
Evaluacion Virtual,56624,México,Chalco,1,10519.8
Evaluacion Virtual,56644,México,Chalco,1,5249.74
Evaluacion Virtual,56647,México,Chalco,1,0.0
Evaluacion Virtual,56650,México,Temamatla,1,0.0
Evaluacion Virtual,57000,México,Nezahualcóyotl,2,5928.94
Evaluacion Virtual,57200,México,Nezahualcóyotl,1,0.0
Evaluacion Virtual,57210,México,Nezahualcóyotl,1,0.0
Evaluacion Virtual,57430,México,Nezahualcóyotl,2,17804.65
Evaluacion Virtual,57520,México,Nezahualcóyotl,1,2080.2
Evaluacion Virtual,57530,México,Nezahualcóyotl,1,3009.51
Evaluacion Virtual,57600,México,Nezahualcóyotl,1,0.0
Evaluacion Virtual,57710,México,Nezahualcóyotl,1,0.0
Evaluacion Virtual,57720,México,Nezahualcóyotl,1,0.0
Evaluacion Virtual,57740,México,Nezahualcóyotl,2,0.0
Evaluacion Virtual,57750,México,Nezahualcóyotl,2,4544.9
Evaluacion Virtual,57830,México,Nezahualcóyotl,1,0.0
Evaluacion Virtual,57840,México,Nezahualcóyotl,1,4708.9
Evaluacion Virtual,57900,México,Nezahualcóyotl,1,0.0
Evaluacion Virtual,57940,México,Nezahualcóyotl,2,5961.0599999999995
Evaluacion Virtual,57950,México,Nezahualcóyotl,1,0.0
Evaluacion Virtual,72219,Puebla,Puebla,1,7000.0
Evaluacion Virtual,72595,Puebla,Puebla,1,9326.62
Evaluacion Virtual,72990,Puebla,Amozoc,1,5329.29
Evaluacion Virtual,73080,Puebla,Xicotepec,1,2000.0
Evaluacion Virtual,73800,Puebla,Teziutlán,1,2833.01
Evaluacion Virtual,75380,Puebla,Huatlatlauca,1,0.0
Evaluacion Virtual,75657,Puebla,Molcaxac,1,0.0
Evaluacion Virtual,90350,Tlaxcala,Apizaco,1,0.0
Evaluacion Virtual,90550,Tlaxcala,Atltzayanca,1,0.0
Evaluacion Virtual,90780,Tlaxcala,Xicohtzinco,1,0.0
Iztapalapa 1,04910,Ciudad de México,Coyoacán,2,6510.14
Iztapalapa 1,07430,Ciudad de México,Gustavo A. Madero,1,0.0
Iztapalapa 1,08040,Ciudad de México,Iztacalco,1,0.0
Iztapalapa 1,08310,Ciudad de México,Iztacalco,1,0.0
Iztapalapa 1,08500,Ciudad de México,Iztacalco,1,13187.48
Iztapalapa 1,08510,Ciudad de México,Iztacalco,2,61076.57
Iztapalapa 1,08700,Ciudad de México,Iztacalco,1,274.35
Iztapalapa 1,08930,Ciudad de México,Iztacalco,2,6169.97
Iztapalapa 1,09000,Ciudad de México,Iztapalapa,10,23621.84
Iztapalapa 1,09040,Ciudad de México,Iztapalapa,3,13361.48
Iztapalapa 1,09060,Ciudad de México,Iztapalapa,4,15586.41
Iztapalapa 1,09100,Ciudad de México,Iztapalapa,7,33307.04
Iztapalapa 1,09140,Ciudad de México,Iztapalapa,3,25351.33
Iztapalapa 1,09180,Ciudad de México,Iztapalapa,1,0.0
Iztapalapa 1,09200,Ciudad de México,Iztapalapa,10,52734.34
Iztapalapa 1,09208,Ciudad de México,Iztapalapa,6,47443.04
Iztapalapa 1,09209,Ciudad de México,Iztapalapa,16,96971.87
Iztapalapa 1,09210,Ciudad de México,Iztapalapa,2,0.0
Iztapalapa 1,09220,Ciudad de México,Iztapalapa,3,42945.68
Iztapalapa 1,09230,Ciudad de México,Iztapalapa,3,3886.64
Iztapalapa 1,09239,Ciudad de México,Iztapalapa,2,0.0
Iztapalapa 1,09240,Ciudad de México,Iztapalapa,2,0.0
Iztapalapa 1,09260,Ciudad de México,Iztapalapa,2,23648.989999999998
Iztapalapa 1,09280,Ciudad de México,Iztapalapa,1,9863.74
Iztapalapa 1,09290,Ciudad de México,Iztapalapa,9,96959.09999999999
Iztapalapa 1,09300,Ciudad de México,Iztapalapa,1,10479.49
Iztapalapa 1,09310,Ciudad de México,Iztapalapa,5,29776.56
Iztapalapa 1,09320,Ciudad de México,Iztapalapa,1,0.0
Iztapalapa 1,09360,Ciudad de México,Iztapalapa,4,8206.17
Iztapalapa 1,09400,Ciudad de México,Iztapalapa,2,16167.73
Iztapalapa 1,09410,Ciudad de México,Iztapalapa,2,21698.33
Iztapalapa 1,09440,Ciudad de México,Iztapalapa,2,7912.99
Iztapalapa 1,09450,Ciudad de México,Iztapalapa,1,4220.92
Iztapalapa 1,09500,Ciudad de México,Iztapalapa,4,43207.94
Iztapalapa 1,09510,Ciudad de México,Iztapalapa,2,8799.03
Iztapalapa 1,09520,Ciudad de México,Iztapalapa,3,20499.48
Iztapalapa 1,09570,Ciudad de México,Iztapalapa,5,22539.16
Iztapalapa 1,09578,Ciudad de México,Iztapalapa,2,0.0
Iztapalapa 1,09600,Ciudad de México,Iztapalapa,2,5920.55
Iztapalapa 1,09609,Ciudad de México,Iztapalapa,2,3409.44
Iztapalapa 1,09620,Ciudad de México,Iztapalapa,2,26475.27
Iztapalapa 1,09630,Ciudad de México,Iztapalapa,4,3237.77
Iztapalapa 1,09638,Ciudad de México,Iztapalapa,3,22790.28
Iztapalapa 1,09640,Ciudad de México,Iztapalapa,10,82986.18
Iztapalapa 1,09648,Ciudad de México,Iztapalapa,2,0.0
Iztapalapa 1,09660,Ciudad de México,Iztapalapa,2,0.0
Iztapalapa 1,09670,Ciudad de México,Iztapalapa,1,0.0
Iztapalapa 1,09690,Ciudad de México,Iztapalapa,6,4004.76
Iztapalapa 1,09696,Ciudad de México,Iztapalapa,1,14278.77
Iztapalapa 1,09698,Ciudad de México,Iztapalapa,1,20651.34
Iztapalapa 1,09700,Ciudad de México,Iztapalapa,14,51364.009999999995
Iztapalapa 1,09708,Ciudad de México,Iztapalapa,1,0.0
Iztapalapa 1,09720,Ciudad de México,Iztapalapa,4,11890.23
Iztapalapa 1,09740,Ciudad de México,Iztapalapa,1,7000.0
Iztapalapa 1,09750,Ciudad de México,Iztapalapa,9,92158.31
Iztapalapa 1,09760,Ciudad de México,Iztapalapa,1,0.0
Iztapalapa 1,09770,Ciudad de México,Iztapalapa,2,7027.99
Iztapalapa 1,09780,Ciudad de México,Iztapalapa,3,12224.11
Iztapalapa 1,09790,Ciudad de México,Iztapalapa,2,15981.9
Iztapalapa 1,09800,Ciudad de México,Iztapalapa,1,0.0
Iztapalapa 1,09819,Ciudad de México,Iztapalapa,1,0.0
Iztapalapa 1,09820,Ciudad de México,Iztapalapa,1,6618.89
Iztapalapa 1,09829,Ciudad de México,Iztapalapa,2,0.0
Iztapalapa 1,09830,Ciudad de México,Iztapalapa,7,13559.1
Iztapalapa 1,09840,Ciudad de México,Iztapalapa,1,0.0
Iztapalapa 1,09849,Ciudad de México,Iztapalapa,1,3541.53
Iztapalapa 1,09850,Ciudad de México,Iztapalapa,2,7597.0
Iztapalapa 1,09856,Ciudad de México,Iztapalapa,1,0.0
Iztapalapa 1,09900,Ciudad de México,Iztapalapa,8,2358.01
Iztapalapa 1,09910,Ciudad de México,Iztapalapa,3,3818.71
Iztapalapa 1,09920,Ciudad de México,Iztapalapa,5,10416.39
Iztapalapa 1,09960,Ciudad de México,Iztapalapa,3,26991.15
Iztapalapa 1,09969,Ciudad de México,Iztapalapa,1,453.2
Iztapalapa 1,09970,Ciudad de México,Iztapalapa,4,102947.16
Iztapalapa 1,13000,Ciudad de México,Tláhuac,1,27502.68
Iztapalapa 1,13010,Ciudad de México,Tláhuac,1,0.0
Iztapalapa 1,13040,Ciudad de México,Tláhuac,1,0.0
Iztapalapa 1,13050,Ciudad de México,Tláhuac,1,0.0
Iztapalapa 1,13060,Ciudad de México,Tláhuac,1,12413.12
Iztapalapa 1,13070,Ciudad de México,Tláhuac,1,0.0
Iztapalapa 1,13080,Ciudad de México,Tláhuac,2,6634.01
Iztapalapa 1,13093,Ciudad de México,Tláhuac,1,9697.91
Iztapalapa 1,13200,Ciudad de México,Tláhuac,2,0.0
Iztapalapa 1,13219,Ciudad de México,Tláhuac,2,0.0
Iztapalapa 1,13220,Ciudad de México,Tláhuac,2,0.0
Iztapalapa 1,13250,Ciudad de México,Tláhuac,1,0.0
Iztapalapa 1,13270,Ciudad de México,Tláhuac,1,0.0
Iztapalapa 1,13278,Ciudad de México,Tláhuac,1,0.0
Iztapalapa 1,13280,Ciudad de México,Tláhuac,1,0.0
Iztapalapa 1,13300,Ciudad de México,Tláhuac,1,862.82
Iztapalapa 1,13360,Ciudad de México,Tláhuac,2,33161.100000000006
Iztapalapa 1,13420,Ciudad de México,Tláhuac,1,0.0
Iztapalapa 1,13440,Ciudad de México,Tláhuac,1,0.0
Iztapalapa 1,13530,Ciudad de México,Tláhuac,1,0.0
Iztapalapa 1,13540,Ciudad de México,Tláhuac,1,0.0
Iztapalapa 1,13546,Ciudad de México,Tláhuac,1,0.0
Iztapalapa 1,14300,Ciudad de México,Tlalpan,1,8821.63
Iztapalapa 1,14749,Ciudad de México,Tlalpan,1,0.0
Iztapalapa 1,15530,Ciudad de México,Venustiano Carranza,1,7750.72
Iztapalapa 1,15970,Ciudad de México,Venustiano Carranza,1,0.0
Iztapalapa 1,16440,Ciudad de México,Xochimilco,1,0.0
Iztapalapa 1,16450,Ciudad de México,Xochimilco,1,9726.36
Iztapalapa 1,16610,Ciudad de México,Xochimilco,1,5337.6
Iztapalapa 1,16720,Ciudad de México,Xochimilco,1,0.0
Iztapalapa 1,16739,Ciudad de México,Xochimilco,1,0.0
Iztapalapa 1,16740,Ciudad de México,Xochimilco,1,0.0
Iztapalapa 1,16770,Ciudad de México,Xochimilco,1,0.0
Iztapalapa 1,16780,Ciudad de México,Xochimilco,2,0.0
Iztapalapa 1,51950,México,Tonatico,1,0.0
Iztapalapa 1,55635,México,Zumpango,1,0.0
Iztapalapa 1,56363,México,Chimalhuacán,1,0.0
Iztapalapa 1,56605,México,Chalco,1,0.0
Iztapalapa 1,56640,México,Chalco,1,0.0
Iztapalapa 1,57000,México,Nezahualcóyotl,1,0.0
Iztapalapa 1,57820,México,Nezahualcóyotl,1,0.0
Legal,04400,Ciudad de México,Coyoacán,1,0.0
Legal,09220,Ciudad de México,Iztapalapa,1,0.0
Legal,15240,Ciudad de México,Venustiano Carranza,1,0.0
Legal,52997,México,Atizapán de Zaragoza,1,0.0
Legal,54140,México,Tlalnepantla de Baz,1,0.0
Legal,54667,México,Coyotepec,1,0.0
Legal,54715,México,Cuautitlán Izcalli,3,0.0
Legal,54720,México,Cuautitlán Izcalli,2,0.0
Legal,54745,México,Cuautitlán Izcalli,2,0.0
Legal,54753,México,Cuautitlán Izcalli,1,0.0
Legal,54760,México,Cuautitlán Izcalli,1,0.0
Legal,54786,México,Teoloyucan,1,0.0
Legal,54850,México,Cuautitlán,1,0.0
Legal,54870,México,Cuautitlán,1,0.0
Legal,54890,México,Melchor Ocampo,1,0.0
Legal,54930,México,Tultitlán,1,0.0
Legal,54963,México,Tultepec,1,0.0
Legal,54967,México,Tultepec,1,0.0
Legal,54987,México,Tultepec,2,0.0
Legal,55717,México,Coacalco de Berriozábal,1,0.0
Legal,55763,México,Tecámac,1,0.0
Legal,55764,México,Tecámac,1,0.0
Legal,55780,México,Jaltenco,1,0.0
Legal,56030,México,Chiautla,1,0.0
Legal,56205,México,Texcoco,1,0.0
Legal,56217,México,Texcoco,1,0.0
Legal,56226,México,Texcoco,1,0.0
Legal,56236,México,Texcoco,1,0.0
Legal,56260,México,Texcoco,1,0.0
Legal,56270,México,Chiconcuac,1,0.0
Legal,56300,México,Atenco,1,0.0
Legal,56335,México,Chimalhuacán,1,0.0
Legal,56353,México,Chimalhuacán,1,0.0
Legal,56370,México,Chicoloapan,1,0.0
Legal,56377,México,Chicoloapan,1,0.0
Legal,56383,México,Chicoloapan,1,0.0
Legal,56395,México,Chicoloapan,1,0.0
Legal,57200,México,Nezahualcóyotl,1,0.0
Legal,57210,México,Nezahualcóyotl,1,0.0
Legal,57510,México,Nezahualcóyotl,1,0.0
Nezahualcoyotl,07910,Ciudad de México,Gustavo A. Madero,1,0.0
Nezahualcoyotl,08100,Ciudad de México,Iztacalco,4,0.0
Nezahualcoyotl,08510,Ciudad de México,Iztacalco,1,12000.0
Nezahualcoyotl,09100,Ciudad de México,Iztapalapa,6,29566.87
Nezahualcoyotl,09510,Ciudad de México,Iztapalapa,2,28483.75
Nezahualcoyotl,09560,Ciudad de México,Iztapalapa,2,6858.6
Nezahualcoyotl,09600,Ciudad de México,Iztapalapa,1,0.0
Nezahualcoyotl,09609,Ciudad de México,Iztapalapa,1,0.0
Nezahualcoyotl,09630,Ciudad de México,Iztapalapa,1,0.0
Nezahualcoyotl,11860,Ciudad de México,Miguel Hidalgo,1,0.0
Nezahualcoyotl,15810,Ciudad de México,Venustiano Carranza,1,0.0
Nezahualcoyotl,56000,México,Tezoyuca,1,0.0
Nezahualcoyotl,56100,México,Texcoco,1,3637.85
Nezahualcoyotl,56130,México,Texcoco,1,50709.68
Nezahualcoyotl,56250,México,Texcoco,1,0.0
Nezahualcoyotl,56330,México,Chimalhuacán,1,0.0
Nezahualcoyotl,56334,México,Chimalhuacán,9,16896.22
Nezahualcoyotl,56335,México,Chimalhuacán,6,19870.97
Nezahualcoyotl,56337,México,Chimalhuacán,3,6836.1
Nezahualcoyotl,56338,México,Chimalhuacán,1,0.0
Nezahualcoyotl,56340,México,Chimalhuacán,12,32538.99
Nezahualcoyotl,56343,México,Chimalhuacán,7,16658.79
Nezahualcoyotl,56344,México,Chimalhuacán,3,113916.08
Nezahualcoyotl,56346,México,Chimalhuacán,3,5309.8
Nezahualcoyotl,56350,México,Chimalhuacán,10,22540.86
Nezahualcoyotl,56353,México,Chimalhuacán,1,4185.18
Nezahualcoyotl,56356,México,Chimalhuacán,8,20361.379999999997
Nezahualcoyotl,56360,México,Chimalhuacán,1,0.0
Nezahualcoyotl,56363,México,Chimalhuacán,2,10868.85
Nezahualcoyotl,56366,México,Chimalhuacán,4,3103.26
Nezahualcoyotl,56370,México,Chicoloapan,6,37334.090000000004
Nezahualcoyotl,56373,México,Chicoloapan,2,2035.54
Nezahualcoyotl,56376,México,Chicoloapan,3,16850.29
Nezahualcoyotl,56377,México,Chicoloapan,1,0.0
Nezahualcoyotl,56380,México,Chicoloapan,1,59415.88
Nezahualcoyotl,56386,México,Chicoloapan,1,0.0
Nezahualcoyotl,56390,México,Chicoloapan,7,48758.35
Nezahualcoyotl,56400,México,La Paz,7,4058.4
Nezahualcoyotl,56430,México,La Paz,3,8319.45
Nezahualcoyotl,56490,México,La Paz,7,19069.29
Nezahualcoyotl,56495,México,La Paz,1,0.0
Nezahualcoyotl,56500,México,La Paz,2,10333.050000000001
Nezahualcoyotl,56507,México,La Paz,5,6887.03
Nezahualcoyotl,56509,México,La Paz,1,1694.26
Nezahualcoyotl,56510,México,La Paz,2,7035.62
Nezahualcoyotl,56512,México,La Paz,3,98119.88
Nezahualcoyotl,56513,México,La Paz,1,10581.87
Nezahualcoyotl,56516,México,La Paz,1,0.0
Nezahualcoyotl,56520,México,La Paz,1,0.0
Nezahualcoyotl,56524,México,La Paz,1,2395.47
Nezahualcoyotl,56529,México,La Paz,1,1306.93
Nezahualcoyotl,56607,México,Chalco,1,0.0
Nezahualcoyotl,56618,México,Valle de Chalco Solidaridad,2,12846.74
Nezahualcoyotl,56776,México,Ayapango,1,124443.53
Nezahualcoyotl,57000,México,Nezahualcóyotl,42,174526.55
Nezahualcoyotl,57120,México,Nezahualcóyotl,3,28214.05
Nezahualcoyotl,57150,México,Nezahualcóyotl,1,1709.6
Nezahualcoyotl,57200,México,Nezahualcóyotl,14,61771.83
Nezahualcoyotl,57210,México,Nezahualcóyotl,16,28094.260000000002
Nezahualcoyotl,57300,México,Nezahualcóyotl,5,5593.69
Nezahualcoyotl,57310,México,Nezahualcóyotl,6,16810.47
Nezahualcoyotl,57410,México,Nezahualcóyotl,6,0.0
Nezahualcoyotl,57420,México,Nezahualcóyotl,1,10000.0
Nezahualcoyotl,57430,México,Nezahualcóyotl,1,0.0
Nezahualcoyotl,57460,México,Nezahualcóyotl,2,9636.62
Nezahualcoyotl,57500,México,Nezahualcóyotl,3,1463.71
Nezahualcoyotl,57510,México,Nezahualcóyotl,1,8349.67
Nezahualcoyotl,57600,México,Nezahualcóyotl,1,0.0
Nezahualcoyotl,57620,México,Nezahualcóyotl,1,0.0
Nezahualcoyotl,57700,México,Nezahualcóyotl,5,182587.42
Nezahualcoyotl,57708,México,Nezahualcóyotl,1,0.0
Nezahualcoyotl,57710,México,Nezahualcóyotl,8,81112.26000000001
Nezahualcoyotl,57720,México,Nezahualcóyotl,2,0.0
Nezahualcoyotl,57730,México,Nezahualcóyotl,2,17363.12
Nezahualcoyotl,57740,México,Nezahualcóyotl,4,5875.59
Nezahualcoyotl,57750,México,Nezahualcóyotl,3,17867.11
Nezahualcoyotl,57800,México,Nezahualcóyotl,10,35164.72
Nezahualcoyotl,57820,México,Nezahualcóyotl,10,78179.75
Nezahualcoyotl,57830,México,Nezahualcóyotl,1,0.0
Nezahualcoyotl,57840,México,Nezahualcóyotl,3,26746.11
Nezahualcoyotl,57900,México,Nezahualcóyotl,1,0.0
Nezahualcoyotl,57940,México,Nezahualcóyotl,1,0.0
Puebla,72000,Puebla,Puebla,1,15058.8
Puebla,72014,Puebla,Puebla,1,0.0
Puebla,72019,Puebla,Puebla,11,93623.56999999999
Puebla,72044,Puebla,Puebla,1,6886.14
Puebla,72070,Puebla,Puebla,1,4802.14
Puebla,72080,Puebla,Puebla,2,17351.47
Puebla,72104,Puebla,Puebla,1,3571.3
Puebla,72116,Puebla,Puebla,1,26815.09
Puebla,72120,Puebla,Puebla,1,18599.03
Puebla,72200,Puebla,Puebla,2,28709.98
Puebla,72210,Puebla,Puebla,1,15104.35
Puebla,72227,Puebla,Puebla,1,0.0
Puebla,72229,Puebla,Puebla,1,4524.5
Puebla,72240,Puebla,Puebla,1,7745.18
Puebla,72290,Puebla,Puebla,1,0.0
Puebla,72307,Puebla,Puebla,1,0.0
Puebla,72320,Puebla,Puebla,1,8865.01
Puebla,72330,Puebla,Puebla,1,9911.94
Puebla,72365,Puebla,Puebla,3,2592.09
Puebla,72370,Puebla,Puebla,1,2047.92
Puebla,72377,Puebla,Puebla,7,105631.34
Puebla,72380,Puebla,Puebla,2,13424.13
Puebla,72390,Puebla,Puebla,1,0.0
Puebla,72464,Puebla,Puebla,1,20816.22
Puebla,72470,Puebla,Puebla,7,25612.77
Puebla,72474,Puebla,Puebla,2,7013.65
Puebla,72477,Puebla,Puebla,1,331.87
Puebla,72490,Puebla,Puebla,20,157368.96
Puebla,72495,Puebla,Puebla,2,7276.15
Puebla,72498,Puebla,Puebla,7,46740.53
Puebla,72499,Puebla,Puebla,4,27922.739999999998
Puebla,72520,Puebla,Puebla,2,1607.79
Puebla,72530,Puebla,Puebla,1,0.0
Puebla,72550,Puebla,Puebla,1,0.0
Puebla,72560,Puebla,Puebla,1,4358.64
Puebla,72580,Puebla,Puebla,2,14844.84
Puebla,72595,Puebla,Puebla,5,31867.230000000003
Puebla,72660,Puebla,Juan C. Bonilla,1,0.0
Puebla,72670,Puebla,Coronango,1,0.0
Puebla,72700,Puebla,Cuautlancingo,2,0.0
Puebla,72730,Puebla,Cuautlancingo,1,2611.59
Puebla,72760,Puebla,San Pedro Cholula,8,22444.23
Puebla,72775,Puebla,San Pedro Cholula,1,0.0
Puebla,72840,Puebla,San Andrés Cholula,2,28571.760000000002
Puebla,72850,Puebla,Ocoyucan,5,52909.46
Puebla,72960,Puebla,Puebla,4,109841.16
Puebla,72995,Puebla,Amozoc,1,12096.69
Puebla,74169,Puebla,Huejotzingo,1,24156.85
Puebla,75200,Puebla,Tepeaca,1,0.0
Texcoco,15810,Ciudad de México,Venustiano Carranza,1,5823.44
Texcoco,56030,México,Chiautla,10,56719.07
Texcoco,56033,México,Chiautla,3,0.0
Texcoco,56035,México,Chiautla,2,7304.97
Texcoco,56040,México,Chiautla,11,24319.95
Texcoco,56050,México,Papalotla,1,0.0
Texcoco,56100,México,Texcoco,12,127647.57
Texcoco,56105,México,Texcoco,2,0.0
Texcoco,56106,México,Texcoco,1,0.0
Texcoco,56110,México,Texcoco,1,0.0
Texcoco,56120,México,Texcoco,11,61327.13
Texcoco,56130,México,Texcoco,3,5847.32
Texcoco,56140,México,Texcoco,1,6238.01
Texcoco,56150,México,Texcoco,8,98644.8
Texcoco,56160,México,Texcoco,2,35447.84
Texcoco,56170,México,Texcoco,3,11079.46
Texcoco,56200,México,Texcoco,5,11853.99
Texcoco,56203,México,Texcoco,10,16774.1
Texcoco,56205,México,Texcoco,1,0.0
Texcoco,56208,México,Texcoco,7,96283.81
Texcoco,56210,México,Texcoco,3,11491.65
Texcoco,56216,México,Texcoco,1,0.0
Texcoco,56217,México,Texcoco,6,22451.1
Texcoco,56220,México,Texcoco,8,83118.97
Texcoco,56225,México,Texcoco,10,115565.68000000001
Texcoco,56226,México,Texcoco,1,21043.53
Texcoco,56227,México,Texcoco,1,0.0
Texcoco,56230,México,Texcoco,5,15900.95
Texcoco,56240,México,Texcoco,3,1834.23
Texcoco,56244,México,Texcoco,3,3079.69
Texcoco,56245,México,Texcoco,10,45990.53
Texcoco,56246,México,Texcoco,5,11226.08
Texcoco,56247,México,Texcoco,5,5428.74
Texcoco,56250,México,Texcoco,16,147641.79
Texcoco,56255,México,Texcoco,5,17315.0
Texcoco,56260,México,Texcoco,8,40063.94
Texcoco,56263,México,Texcoco,1,3160.53
Texcoco,56264,México,Texcoco,7,29841.85
Texcoco,56265,México,Texcoco,4,134334.11
Texcoco,56266,México,Texcoco,9,3803.14
Texcoco,56270,México,Chiconcuac,10,44856.79
Texcoco,56272,México,Chiconcuac,1,13445.01
Texcoco,56300,México,Atenco,6,16644.89
Texcoco,56304,México,Atenco,2,0.0
Texcoco,56314,México,Atenco,2,7114.08
Texcoco,56315,México,Atenco,1,22675.22
Texcoco,56330,México,Chimalhuacán,2,0.0
Texcoco,56334,México,Chimalhuacán,25,105627.08
Texcoco,56335,México,Chimalhuacán,23,61624.03
Texcoco,56337,México,Chimalhuacán,13,44955.29
Texcoco,56338,México,Chimalhuacán,3,5742.64
Texcoco,56340,México,Chimalhuacán,4,7730.34
Texcoco,56343,México,Chimalhuacán,1,15483.94
Texcoco,56344,México,Chimalhuacán,1,9314.06
Texcoco,56346,México,Chimalhuacán,1,10111.12
Texcoco,56350,México,Chimalhuacán,9,30344.06
Texcoco,56353,México,Chimalhuacán,2,0.0
Texcoco,56356,México,Chimalhuacán,9,9452.9
Texcoco,56360,México,Chimalhuacán,5,56535.2
Texcoco,56363,México,Chimalhuacán,9,33874.33
Texcoco,56366,México,Chimalhuacán,8,54368.0
Texcoco,56370,México,Chicoloapan,8,36099.24
Texcoco,56370,México,Chicoloapan de Juárez,1,8093.36
Texcoco,56373,México,Chicoloapan,7,31115.77
Texcoco,56375,México,Chicoloapan,1,0.0
Texcoco,56376,México,Chicoloapan,2,0.0
Texcoco,56377,México,Chicoloapan,5,28997.07
Texcoco,56380,México,Chicoloapan,5,56613.84
Texcoco,56383,México,Chicoloapan,4,23351.7
Texcoco,56384,México,Chicoloapan,1,0.0
Texcoco,56386,México,Chicoloapan,23,135367.02
Texcoco,56390,México,Chicoloapan,4,4520.209999999999
Texcoco,56514,México,La Paz,1,0.0
